{"cameraMode":{"drawMode":0,"name":"Shaded","section":"Shading Mode"},"sceneLighting":true,"audioPlay":false,"sceneViewState":{"showFog":true,"showMaterialUpdate":true,"showSkybox":false,"showFlares":true,"showImageEffects":true,"showParticleSystems":true},"in2DMode":false,"pivot":{"x":-0.007828066125512123,"y":1.9828028678894044,"z":-2.4973175525665285},"rotation":{"x":-0.19441401958465577,"y":-0.47038018703460696,"z":0.10706854611635208,"w":-0.8541023135185242},"size":-0.2547655701637268,"orthographic":false}